qid,query
1,mitigating over-smoothing regularized nonlocal functionals
2,scalable meta-learning gaussian processes
3,infrared super-resolution gan
4,how tune autofocals comparative study
5,efficiency spectrum algorithmic survey
6,generalized label-efficient scene parsing hierarchical
7,resource-constrained knowledge diffusion processes inspired
8,maxmem colocation performance big applications
9,rethinking domain gap near-infrared face
10,weighted riesz particles
11,experiment gender racial ethnic bias
12,bcn batch channel normalization classification
13,generative visualising abstract social processes
14,hiding plain sight security defences
15,clustering contour coreset variational quantum
16,inherent limitations llms regarding spatial
17,evaluating creativity literary perspective
18,reversible entanglement beyond quantum operations
19,which linguistic cues make people
20,stochastic-constrained stochastic optimization markovian
21,training synthetic beats real multimodal
22,advancements trends ultra-high-resolution overview
23,cascaded channel decoupling solution ris
24,medication abortion digital health united
25,dns slam dense semantic-informed
26,optimal attack defense reinforcement
27,concept erasure kernelized rate-distortion maximization
28,hetrinet heterogeneous triplet attention drug-target-disease
29,pedaling fast slow race optimized
30,deepen2023 energy edge artificial intelligence
31,unsupervised representation evaluating transferring visual
32,sparsedc depth completion sparse non-uniform
33,graphdreamer compositional scene synthesis
34,sound terminology describing production perception
35,star colouring locally constrained homomorphisms
36,compact implicit representation efficient storage
37,pdb-struct comprehensive benchmark structure-based protein
38,enhancing cross-domain click-through rate prediction
39,binary perceptrons capacity fully lifted
40,probabilistic copyright protection fail text-to-image
41,leap llm-generation egocentric action programs
42,who leading analysis industry research
43,surreyai 2023 submission quality estimation
44,summarization-based augmentation document classification
45,bayesian causal discovery unknown general
46,slotted aloha optical wireless communications
47,semantics attack-defense trees dynamic countermeasures
48,auto-encoding gps reveal individual collective
49,fsgs real-time few-shot view synthesis
50,consensus group decision making uncertainty
